learner_id,study_hours_per_week,quiz_score_pct,days_since_last_login,lessons_completed,courses_started,course_completed
L0001,6.76,76.05,14,23,5,1
L0002,3.4,88.89,4,11,4,1
L0003,7.88,73.09,26,3,4,0
L0004,8.35,79.73,24,23,2,1
L0005,1.12,47.4,25,28,1,0
L0006,2.74,71.42,6,2,1,0
L0007,6.32,61.88,0,14,2,1
L0008,5.21,57.37,28,25,1,0
L0009,5.96,61.46,8,22,3,0
L0010,3.87,67.99,20,26,4,0
L0011,8.2,82.99,28,14,5,0
L0012,7.94,56.08,1,12,3,1
L0013,6.17,72.37,0,22,5,1
L0014,8.82,66.19,0,6,5,1
L0015,7.17,68.07,4,8,5,1
L0016,3.85,84.03,1,19,3,1
L0017,6.92,78.46,25,21,2,0
L0018,3.6,88.05,18,5,5,0
L0019,8.2,70.15,30,16,2,1
L0020,5.88,63.65,24,12,3,0
L0021,5.54,69.31,29,16,1,0
L0022,4.3,74.91,7,29,4,1
L0023,9.06,74.12,8,4,4,1
L0024,5.61,58.99,26,30,1,1
L0025,4.93,73.09,7,15,2,1
L0026,5.12,74.74,1,24,3,1
L0027,7.33,100.0,20,14,3,0
L0028,6.91,94.52,24,11,5,0
L0029,7.03,61.76,30,24,2,0
L0030,7.08,68.55,28,21,5,0
L0031,11.35,54.44,3,6,3,1
L0032,4.98,64.91,23,22,5,0
L0033,4.72,75.79,26,23,2,0
L0034,3.97,86.47,21,13,1,0
L0035,7.54,63.25,25,28,1,1
L0036,8.82,64.15,25,20,2,1
L0037,5.72,46.23,13,11,5,0
L0038,3.9,70.05,1,2,1,0
L0039,3.94,59.25,14,21,2,0
L0040,7.63,65.65,6,8,1,1
L0041,7.86,61.48,3,23,5,1
L0042,7.36,70.87,3,17,4,1
L0043,4.34,50.91,21,15,4,0
L0044,6.58,54.4,15,6,4,0
L0045,6.29,97.55,16,22,4,1
L0046,6.55,56.55,23,6,4,0
L0047,8.18,58.84,16,14,1,1
L0048,6.56,94.04,19,26,5,1
L0049,7.7,100.0,2,28,4,1
L0050,6.17,57.94,26,30,4,0
L0051,6.72,67.58,13,29,2,1
L0052,7.58,76.1,4,18,5,1
L0053,2.36,92.74,25,7,2,0
L0054,5.2,60.16,22,26,1,0
L0055,4.82,69.06,1,25,5,1
L0056,4.4,81.33,5,30,2,1
L0057,5.31,77.22,0,20,1,1
L0058,9.74,67.49,8,6,4,0
L0059,3.84,70.39,3,16,2,1
L0060,8.42,55.5,22,14,5,1
L0061,1.79,69.14,16,26,3,1
L0062,5.16,68.8,30,13,1,0
L0063,6.41,74.79,23,11,5,0
L0064,7.47,65.34,18,4,3,0
L0065,7.78,77.66,15,26,2,1
L0066,7.98,84.15,1,23,4,1
L0067,5.13,73.87,2,3,3,0
L0068,4.84,76.22,19,14,1,1
L0069,8.14,72.64,0,15,4,1
L0070,5.52,72.0,1,15,3,1
L0071,2.81,63.34,6,28,4,0
L0072,3.17,75.8,27,6,5,0
L0073,3.7,70.83,14,10,4,0
L0074,7.24,97.12,21,7,4,1
L0075,6.36,90.88,12,9,2,1
L0076,7.73,76.63,5,28,2,1
L0077,4.93,62.84,11,29,3,1
L0078,6.4,58.65,2,3,5,1
L0079,7.56,86.29,23,20,3,1
L0080,5.23,75.15,5,8,2,0
L0081,7.14,77.76,11,7,4,1
L0082,4.35,51.06,30,10,5,0
L0083,5.09,83.13,18,7,5,0
L0084,5.05,77.45,14,16,2,1
L0085,3.01,58.67,16,30,4,1
L0086,7.22,66.34,24,19,3,1
L0087,4.83,75.16,7,22,3,1
L0088,6.03,72.63,19,16,2,1
L0089,7.2,68.49,27,2,1,0
L0090,7.12,70.76,17,4,2,0
L0091,7.66,68.98,13,9,3,0
L0092,5.75,73.83,4,9,5,1
L0093,4.94,89.66,7,26,5,1
L0094,5.8,41.2,29,26,1,0
L0095,1.78,69.16,16,26,4,0
L0096,2.38,74.12,9,20,1,0
L0097,2.69,75.55,12,18,4,1
L0098,3.51,67.54,17,20,2,1
L0099,7.0,50.92,16,13,3,0
L0100,3.74,75.94,21,21,4,0
L0101,5.05,92.73,7,25,3,1
L0102,9.25,53.59,20,24,5,1
L0103,5.11,82.37,13,19,3,0
L0104,7.84,68.06,29,3,5,0
L0105,3.67,71.26,4,23,4,0
L0106,5.49,59.37,4,12,2,0
L0107,3.62,67.99,14,23,4,1
L0108,5.15,87.6,15,17,3,1
L0109,8.1,78.99,21,27,3,0
L0110,1.68,92.79,12,11,1,0
L0111,7.09,86.13,28,29,1,1
L0112,6.59,77.27,14,26,3,1
L0113,4.51,92.93,4,11,1,1
L0114,2.38,77.27,3,15,5,0
L0115,6.18,81.94,30,17,5,0
L0116,4.68,68.44,4,24,4,0
L0117,6.58,72.8,29,21,4,0
L0118,6.05,63.63,8,26,3,1
L0119,10.0,83.88,2,12,1,1
L0120,5.4,57.86,9,16,2,1
L0121,3.44,81.39,19,14,3,0
L0122,6.45,69.71,13,28,5,0
L0123,6.55,86.05,24,10,2,0
L0124,9.4,81.01,18,19,3,1
L0125,8.09,93.85,12,5,2,1
L0126,6.89,80.77,19,26,1,1
L0127,9.66,53.14,30,13,1,0
L0128,3.03,71.2,12,11,2,0
L0129,4.4,57.94,4,18,1,0
L0130,3.68,65.78,12,16,1,0
L0131,5.03,90.13,26,26,2,0
L0132,2.56,79.65,6,17,2,0
L0133,7.59,63.61,29,16,3,0
L0134,5.44,59.84,18,5,1,0
L0135,2.32,72.39,18,2,2,0
L0136,3.46,57.4,9,13,3,1
L0137,6.78,63.95,28,30,5,0
L0138,8.1,75.74,1,28,4,1
L0139,10.99,85.86,9,20,5,1
L0140,13.28,79.31,12,20,2,1
L0141,7.04,44.5,14,13,3,0
L0142,3.53,75.65,14,7,3,0
L0143,0.67,72.86,4,2,5,0
L0144,6.67,76.97,6,11,5,0
L0145,3.97,91.39,2,11,5,1
L0146,4.96,47.24,17,7,4,0
L0147,4.47,64.91,10,9,3,0
L0148,5.65,79.09,17,2,3,0
L0149,8.66,53.02,18,19,5,0
L0150,6.39,89.71,21,28,2,0
L0151,5.6,76.42,16,22,2,0
L0152,3.41,82.16,20,14,5,1
L0153,1.81,65.15,18,14,2,0
L0154,4.78,81.77,20,10,2,0
L0155,5.87,84.82,19,6,3,1
L0156,10.42,74.79,9,19,2,1
L0157,6.33,74.81,7,18,5,1
L0158,8.46,75.24,24,2,5,0
L0159,4.75,61.64,10,14,2,0
L0160,3.04,70.23,17,10,3,0
L0161,3.59,70.17,6,6,5,1
L0162,4.19,76.6,13,22,4,1
L0163,11.32,84.0,16,17,2,1
L0164,3.95,59.3,19,20,3,0
L0165,8.1,70.5,16,22,4,1
L0166,3.74,89.78,11,30,4,1
L0167,8.33,63.08,29,25,1,1
L0168,6.96,62.13,15,19,2,1
L0169,5.61,74.43,25,27,5,1
L0170,5.9,82.13,22,15,2,0
L0171,4.36,72.14,17,30,2,1
L0172,7.12,87.95,27,24,2,1
L0173,4.86,82.28,3,20,1,0
L0174,2.94,82.1,28,28,1,0
L0175,2.81,78.65,26,16,2,0
L0176,6.43,99.93,15,22,5,0
L0177,9.95,69.54,22,10,1,1
L0178,6.4,47.96,16,29,2,1
L0179,5.7,91.25,8,20,1,1
L0180,6.71,66.51,24,24,3,1
L0181,9.27,73.29,7,15,2,1
L0182,6.55,87.71,9,27,4,1
L0183,4.97,52.77,16,4,3,0
L0184,8.77,56.98,25,5,4,0
L0185,7.07,52.78,11,16,4,1
L0186,9.84,62.47,15,23,3,1
L0187,6.46,77.28,1,25,5,1
L0188,2.94,78.29,3,14,3,0
L0189,2.58,75.32,1,20,5,0
L0190,10.13,55.05,2,18,5,1
L0191,10.31,44.28,26,29,3,1
L0192,5.55,72.65,26,20,4,0
L0193,5.04,66.34,25,14,2,0
L0194,9.65,77.51,1,30,5,1
L0195,3.23,80.42,2,5,4,0
L0196,3.76,73.66,8,30,5,1
L0197,7.61,81.12,17,6,2,0
L0198,5.01,74.75,10,10,4,0
L0199,5.99,78.36,15,25,3,0
L0200,5.59,63.54,5,23,1,1
